{"id":"FontAwesome5Brands-Regular","name":"Font Awesome 5 Brands Regular", "built_in": true,"icons":[{"name":"twitter-square","unicode":"uf081"},{"name":"facebook-square","unicode":"uf082"},{"name":"linkedin","unicode":"uf08c"},{"name":"github-square","unicode":"uf092"},{"name":"twitter","unicode":"uf099"},{"name":"facebook","unicode":"uf09a"},{"name":"github","unicode":"uf09b"},{"name":"pinterest","unicode":"uf0d2"},{"name":"pinterest-square","unicode":"uf0d3"},{"name":"google-plus-square","unicode":"uf0d4"},{"name":"google-plus-g","unicode":"uf0d5"},{"name":"linkedin-in","unicode":"uf0e1"},{"name":"github-alt","unicode":"uf113"},{"name":"maxcdn","unicode":"uf136"},{"name":"html5","unicode":"uf13b"},{"name":"css3","unicode":"uf13c"},{"name":"btc","unicode":"uf15a"},{"name":"youtube","unicode":"uf167"},{"name":"xing","unicode":"uf168"},{"name":"xing-square","unicode":"uf169"},{"name":"dropbox","unicode":"uf16b"},{"name":"stack-overflow","unicode":"uf16c"},{"name":"instagram","unicode":"uf16d"},{"name":"flickr","unicode":"uf16e"},{"name":"adn","unicode":"uf170"},{"name":"bitbucket","unicode":"uf171"},{"name":"tumblr","unicode":"uf173"},{"name":"tumblr-square","unicode":"uf174"},{"name":"apple","unicode":"uf179"},{"name":"windows","unicode":"uf17a"},{"name":"android","unicode":"uf17b"},{"name":"linux","unicode":"uf17c"},{"name":"dribbble","unicode":"uf17d"},{"name":"skype","unicode":"uf17e"},{"name":"foursquare","unicode":"uf180"},{"name":"trello","unicode":"uf181"},{"name":"gratipay","unicode":"uf184"},{"name":"vk","unicode":"uf189"},{"name":"weibo","unicode":"uf18a"},{"name":"renren","unicode":"uf18b"},{"name":"pagelines","unicode":"uf18c"},{"name":"stack-exchange","unicode":"uf18d"},{"name":"vimeo-square","unicode":"uf194"},{"name":"slack","unicode":"uf198"},{"name":"wordpress","unicode":"uf19a"},{"name":"openid","unicode":"uf19b"},{"name":"yahoo","unicode":"uf19e"},{"name":"google","unicode":"uf1a0"},{"name":"reddit","unicode":"uf1a1"},{"name":"reddit-square","unicode":"uf1a2"},{"name":"stumbleupon-circle","unicode":"uf1a3"},{"name":"stumbleupon","unicode":"uf1a4"},{"name":"delicious","unicode":"uf1a5"},{"name":"digg","unicode":"uf1a6"},{"name":"pied-piper-pp","unicode":"uf1a7"},{"name":"pied-piper-alt","unicode":"uf1a8"},{"name":"drupal","unicode":"uf1a9"},{"name":"joomla","unicode":"uf1aa"},{"name":"behance","unicode":"uf1b4"},{"name":"behance-square","unicode":"uf1b5"},{"name":"steam","unicode":"uf1b6"},{"name":"steam-square","unicode":"uf1b7"},{"name":"spotify","unicode":"uf1bc"},{"name":"deviantart","unicode":"uf1bd"},{"name":"soundcloud","unicode":"uf1be"},{"name":"vine","unicode":"uf1ca"},{"name":"codepen","unicode":"uf1cb"},{"name":"jsfiddle","unicode":"uf1cc"},{"name":"rebel","unicode":"uf1d0"},{"name":"empire","unicode":"uf1d1"},{"name":"git-square","unicode":"uf1d2"},{"name":"git","unicode":"uf1d3"},{"name":"hacker-news","unicode":"uf1d4"},{"name":"tencent-weibo","unicode":"uf1d5"},{"name":"qq","unicode":"uf1d6"},{"name":"weixin","unicode":"uf1d7"},{"name":"slideshare","unicode":"uf1e7"},{"name":"twitch","unicode":"uf1e8"},{"name":"yelp","unicode":"uf1e9"},{"name":"paypal","unicode":"uf1ed"},{"name":"google-wallet","unicode":"uf1ee"},{"name":"cc-visa","unicode":"uf1f0"},{"name":"cc-mastercard","unicode":"uf1f1"},{"name":"cc-discover","unicode":"uf1f2"},{"name":"cc-amex","unicode":"uf1f3"},{"name":"cc-paypal","unicode":"uf1f4"},{"name":"cc-stripe","unicode":"uf1f5"},{"name":"lastfm","unicode":"uf202"},{"name":"lastfm-square","unicode":"uf203"},{"name":"ioxhost","unicode":"uf208"},{"name":"angellist","unicode":"uf209"},{"name":"buysellads","unicode":"uf20d"},{"name":"connectdevelop","unicode":"uf20e"},{"name":"dashcube","unicode":"uf210"},{"name":"forumbee","unicode":"uf211"},{"name":"leanpub","unicode":"uf212"},{"name":"sellsy","unicode":"uf213"},{"name":"shirtsinbulk","unicode":"uf214"},{"name":"simplybuilt","unicode":"uf215"},{"name":"skyatlas","unicode":"uf216"},{"name":"pinterest-p","unicode":"uf231"},{"name":"whatsapp","unicode":"uf232"},{"name":"viacoin","unicode":"uf237"},{"name":"medium","unicode":"uf23a"},{"name":"y-combinator","unicode":"uf23b"},{"name":"optin-monster","unicode":"uf23c"},{"name":"opencart","unicode":"uf23d"},{"name":"expeditedssl","unicode":"uf23e"},{"name":"cc-jcb","unicode":"uf24b"},{"name":"cc-diners-club","unicode":"uf24c"},{"name":"creative-commons","unicode":"uf25e"},{"name":"gg","unicode":"uf260"},{"name":"gg-circle","unicode":"uf261"},{"name":"tripadvisor","unicode":"uf262"},{"name":"odnoklassniki","unicode":"uf263"},{"name":"odnoklassniki-square","unicode":"uf264"},{"name":"get-pocket","unicode":"uf265"},{"name":"wikipedia-w","unicode":"uf266"},{"name":"safari","unicode":"uf267"},{"name":"chrome","unicode":"uf268"},{"name":"firefox","unicode":"uf269"},{"name":"opera","unicode":"uf26a"},{"name":"internet-explorer","unicode":"uf26b"},{"name":"contao","unicode":"uf26d"},{"name":"500px","unicode":"uf26e"},{"name":"amazon","unicode":"uf270"},{"name":"houzz","unicode":"uf27c"},{"name":"vimeo-v","unicode":"uf27d"},{"name":"black-tie","unicode":"uf27e"},{"name":"fonticons","unicode":"uf280"},{"name":"reddit-alien","unicode":"uf281"},{"name":"edge","unicode":"uf282"},{"name":"codiepie","unicode":"uf284"},{"name":"modx","unicode":"uf285"},{"name":"fort-awesome","unicode":"uf286"},{"name":"usb","unicode":"uf287"},{"name":"product-hunt","unicode":"uf288"},{"name":"mixcloud","unicode":"uf289"},{"name":"scribd","unicode":"uf28a"},{"name":"bluetooth","unicode":"uf293"},{"name":"bluetooth-b","unicode":"uf294"},{"name":"gitlab","unicode":"uf296"},{"name":"wpbeginner","unicode":"uf297"},{"name":"wpforms","unicode":"uf298"},{"name":"envira","unicode":"uf299"},{"name":"glide","unicode":"uf2a5"},{"name":"glide-g","unicode":"uf2a6"},{"name":"viadeo","unicode":"uf2a9"},{"name":"viadeo-square","unicode":"uf2aa"},{"name":"snapchat","unicode":"uf2ab"},{"name":"snapchat-ghost","unicode":"uf2ac"},{"name":"snapchat-square","unicode":"uf2ad"},{"name":"pied-piper","unicode":"uf2ae"},{"name":"first-order","unicode":"uf2b0"},{"name":"yoast","unicode":"uf2b1"},{"name":"themeisle","unicode":"uf2b2"},{"name":"google-plus","unicode":"uf2b3"},{"name":"font-awesome","unicode":"uf2b4"},{"name":"linode","unicode":"uf2b8"},{"name":"quora","unicode":"uf2c4"},{"name":"free-code-camp","unicode":"uf2c5"},{"name":"telegram","unicode":"uf2c6"},{"name":"bandcamp","unicode":"uf2d5"},{"name":"grav","unicode":"uf2d6"},{"name":"etsy","unicode":"uf2d7"},{"name":"imdb","unicode":"uf2d8"},{"name":"ravelry","unicode":"uf2d9"},{"name":"sellcast","unicode":"uf2da"},{"name":"superpowers","unicode":"uf2dd"},{"name":"wpexplorer","unicode":"uf2de"},{"name":"meetup","unicode":"uf2e0"},{"name":"font-awesome-alt","unicode":"uf35c"},{"name":"accessible-icon","unicode":"uf368"},{"name":"accusoft","unicode":"uf369"},{"name":"adversal","unicode":"uf36a"},{"name":"affiliatetheme","unicode":"uf36b"},{"name":"algolia","unicode":"uf36c"},{"name":"amilia","unicode":"uf36d"},{"name":"angrycreative","unicode":"uf36e"},{"name":"app-store","unicode":"uf36f"},{"name":"app-store-ios","unicode":"uf370"},{"name":"apper","unicode":"uf371"},{"name":"asymmetrik","unicode":"uf372"},{"name":"audible","unicode":"uf373"},{"name":"avianex","unicode":"uf374"},{"name":"aws","unicode":"uf375"},{"name":"bimobject","unicode":"uf378"},{"name":"bitcoin","unicode":"uf379"},{"name":"bity","unicode":"uf37a"},{"name":"blackberry","unicode":"uf37b"},{"name":"blogger","unicode":"uf37c"},{"name":"blogger-b","unicode":"uf37d"},{"name":"buromobelexperte","unicode":"uf37f"},{"name":"centercode","unicode":"uf380"},{"name":"cloudscale","unicode":"uf383"},{"name":"cloudsmith","unicode":"uf384"},{"name":"cloudversify","unicode":"uf385"},{"name":"cpanel","unicode":"uf388"},{"name":"css3-alt","unicode":"uf38b"},{"name":"cuttlefish","unicode":"uf38c"},{"name":"d-and-d","unicode":"uf38d"},{"name":"deploydog","unicode":"uf38e"},{"name":"deskpro","unicode":"uf38f"},{"name":"digital-ocean","unicode":"uf391"},{"name":"discord","unicode":"uf392"},{"name":"discourse","unicode":"uf393"},{"name":"dochub","unicode":"uf394"},{"name":"docker","unicode":"uf395"},{"name":"draft2digital","unicode":"uf396"},{"name":"dribbble-square","unicode":"uf397"},{"name":"dyalog","unicode":"uf399"},{"name":"earlybirds","unicode":"uf39a"},{"name":"erlang","unicode":"uf39d"},{"name":"facebook-f","unicode":"uf39e"},{"name":"facebook-messenger","unicode":"uf39f"},{"name":"firstdraft","unicode":"uf3a1"},{"name":"fonticons-fi","unicode":"uf3a2"},{"name":"fort-awesome-alt","unicode":"uf3a3"},{"name":"freebsd","unicode":"uf3a4"},{"name":"gitkraken","unicode":"uf3a6"},{"name":"gofore","unicode":"uf3a7"},{"name":"goodreads","unicode":"uf3a8"},{"name":"goodreads-g","unicode":"uf3a9"},{"name":"google-drive","unicode":"uf3aa"},{"name":"google-play","unicode":"uf3ab"},{"name":"gripfire","unicode":"uf3ac"},{"name":"grunt","unicode":"uf3ad"},{"name":"gulp","unicode":"uf3ae"},{"name":"hacker-news-square","unicode":"uf3af"},{"name":"hire-a-helper","unicode":"uf3b0"},{"name":"hotjar","unicode":"uf3b1"},{"name":"hubspot","unicode":"uf3b2"},{"name":"itunes","unicode":"uf3b4"},{"name":"itunes-note","unicode":"uf3b5"},{"name":"jenkins","unicode":"uf3b6"},{"name":"joget","unicode":"uf3b7"},{"name":"js","unicode":"uf3b8"},{"name":"js-square","unicode":"uf3b9"},{"name":"keycdn","unicode":"uf3ba"},{"name":"kickstarter","unicode":"uf3bb"},{"name":"kickstarter-k","unicode":"uf3bc"},{"name":"laravel","unicode":"uf3bd"},{"name":"line","unicode":"uf3c0"},{"name":"lyft","unicode":"uf3c3"},{"name":"magento","unicode":"uf3c4"},{"name":"medapps","unicode":"uf3c6"},{"name":"medium-m","unicode":"uf3c7"},{"name":"medrt","unicode":"uf3c8"},{"name":"microsoft","unicode":"uf3ca"},{"name":"mix","unicode":"uf3cb"},{"name":"mizuni","unicode":"uf3cc"},{"name":"monero","unicode":"uf3d0"},{"name":"napster","unicode":"uf3d2"},{"name":"node-js","unicode":"uf3d3"},{"name":"npm","unicode":"uf3d4"},{"name":"ns8","unicode":"uf3d5"},{"name":"nutritionix","unicode":"uf3d6"},{"name":"page4","unicode":"uf3d7"},{"name":"palfed","unicode":"uf3d8"},{"name":"patreon","unicode":"uf3d9"},{"name":"periscope","unicode":"uf3da"},{"name":"phabricator","unicode":"uf3db"},{"name":"phoenix-framework","unicode":"uf3dc"},{"name":"playstation","unicode":"uf3df"},{"name":"pushed","unicode":"uf3e1"},{"name":"python","unicode":"uf3e2"},{"name":"red-river","unicode":"uf3e3"},{"name":"wpressr","unicode":"uf3e4"},{"name":"replyd","unicode":"uf3e6"},{"name":"resolving","unicode":"uf3e7"},{"name":"rocketchat","unicode":"uf3e8"},{"name":"rockrms","unicode":"uf3e9"},{"name":"schlix","unicode":"uf3ea"},{"name":"searchengin","unicode":"uf3eb"},{"name":"servicestack","unicode":"uf3ec"},{"name":"sistrix","unicode":"uf3ee"},{"name":"slack-hash","unicode":"uf3ef"},{"name":"speakap","unicode":"uf3f3"},{"name":"staylinked","unicode":"uf3f5"},{"name":"steam-symbol","unicode":"uf3f6"},{"name":"sticker-mule","unicode":"uf3f7"},{"name":"studiovinari","unicode":"uf3f8"},{"name":"supple","unicode":"uf3f9"},{"name":"telegram-plane","unicode":"uf3fe"},{"name":"uber","unicode":"uf402"},{"name":"uikit","unicode":"uf403"},{"name":"uniregistry","unicode":"uf404"},{"name":"untappd","unicode":"uf405"},{"name":"ussunnah","unicode":"uf407"},{"name":"vaadin","unicode":"uf408"},{"name":"viber","unicode":"uf409"},{"name":"vimeo","unicode":"uf40a"},{"name":"vnv","unicode":"uf40b"},{"name":"whatsapp-square","unicode":"uf40c"},{"name":"whmcs","unicode":"uf40d"},{"name":"wordpress-simple","unicode":"uf411"},{"name":"xbox","unicode":"uf412"},{"name":"yandex","unicode":"uf413"},{"name":"yandex-international","unicode":"uf414"},{"name":"apple-pay","unicode":"uf415"},{"name":"cc-apple-pay","unicode":"uf416"},{"name":"fly","unicode":"uf417"},{"name":"node","unicode":"uf419"},{"name":"osi","unicode":"uf41a"},{"name":"react","unicode":"uf41b"},{"name":"autoprefixer","unicode":"uf41c"},{"name":"less","unicode":"uf41d"},{"name":"sass","unicode":"uf41e"},{"name":"vuejs","unicode":"uf41f"},{"name":"angular","unicode":"uf420"},{"name":"aviato","unicode":"uf421"},{"name":"ember","unicode":"uf423"},{"name":"font-awesome-flag","unicode":"uf425"},{"name":"gitter","unicode":"uf426"},{"name":"hooli","unicode":"uf427"},{"name":"strava","unicode":"uf428"},{"name":"stripe","unicode":"uf429"},{"name":"stripe-s","unicode":"uf42a"},{"name":"typo3","unicode":"uf42b"},{"name":"amazon-pay","unicode":"uf42c"},{"name":"cc-amazon-pay","unicode":"uf42d"},{"name":"ethereum","unicode":"uf42e"},{"name":"korvue","unicode":"uf42f"},{"name":"elementor","unicode":"uf430"},{"name":"youtube-square","unicode":"uf431"},{"name":"flipboard","unicode":"uf44d"},{"name":"hips","unicode":"uf452"},{"name":"php","unicode":"uf457"},{"name":"quinscape","unicode":"uf459"},{"name":"readme","unicode":"uf4d5"},{"name":"java","unicode":"uf4e4"},{"name":"pied-piper-hat","unicode":"uf4e5"},{"name":"creative-commons-by","unicode":"uf4e7"},{"name":"creative-commons-nc","unicode":"uf4e8"},{"name":"creative-commons-nc-eu","unicode":"uf4e9"},{"name":"creative-commons-nc-jp","unicode":"uf4ea"},{"name":"creative-commons-nd","unicode":"uf4eb"},{"name":"creative-commons-pd","unicode":"uf4ec"},{"name":"creative-commons-pd-alt","unicode":"uf4ed"},{"name":"creative-commons-remix","unicode":"uf4ee"},{"name":"creative-commons-sa","unicode":"uf4ef"},{"name":"creative-commons-sampling","unicode":"uf4f0"},{"name":"creative-commons-sampling-plus","unicode":"uf4f1"},{"name":"creative-commons-share","unicode":"uf4f2"},{"name":"creative-commons-zero","unicode":"uf4f3"},{"name":"ebay","unicode":"uf4f4"},{"name":"keybase","unicode":"uf4f5"},{"name":"mastodon","unicode":"uf4f6"},{"name":"r-project","unicode":"uf4f7"},{"name":"researchgate","unicode":"uf4f8"},{"name":"teamspeak","unicode":"uf4f9"},{"name":"first-order-alt","unicode":"uf50a"},{"name":"fulcrum","unicode":"uf50b"},{"name":"galactic-republic","unicode":"uf50c"},{"name":"galactic-senate","unicode":"uf50d"},{"name":"jedi-order","unicode":"uf50e"},{"name":"mandalorian","unicode":"uf50f"},{"name":"old-republic","unicode":"uf510"},{"name":"phoenix-squadron","unicode":"uf511"},{"name":"sith","unicode":"uf512"},{"name":"trade-federation","unicode":"uf513"},{"name":"wolf-pack-battalion","unicode":"uf514"},{"name":"hornbill","unicode":"uf592"},{"name":"mailchimp","unicode":"uf59e"},{"name":"megaport","unicode":"uf5a3"},{"name":"nimblr","unicode":"uf5a8"},{"name":"rev","unicode":"uf5b2"},{"name":"shopware","unicode":"uf5b5"},{"name":"squarespace","unicode":"uf5be"},{"name":"themeco","unicode":"uf5c6"},{"name":"weebly","unicode":"uf5cc"},{"name":"wix","unicode":"uf5cf"},{"name":"ello","unicode":"uf5f1"},{"name":"hackerrank","unicode":"uf5f7"},{"name":"kaggle","unicode":"uf5fa"},{"name":"markdown","unicode":"uf60f"},{"name":"neos","unicode":"uf612"},{"name":"zhihu","unicode":"uf63f"},{"name":"alipay","unicode":"uf642"},{"name":"the-red-yeti","unicode":"uf69d"},{"name":"acquisitions-incorporated","unicode":"uf6af"},{"name":"critical-role","unicode":"uf6c9"},{"name":"d-and-d-beyond","unicode":"uf6ca"},{"name":"dev","unicode":"uf6cc"},{"name":"fantasy-flight-games","unicode":"uf6dc"},{"name":"penny-arcade","unicode":"uf704"},{"name":"wizards-of-the-coast","unicode":"uf730"},{"name":"think-peaks","unicode":"uf731"},{"name":"reacteurope","unicode":"uf75d"},{"name":"adobe","unicode":"uf778"},{"name":"artstation","unicode":"uf77a"},{"name":"atlassian","unicode":"uf77b"},{"name":"canadian-maple-leaf","unicode":"uf785"},{"name":"centos","unicode":"uf789"},{"name":"confluence","unicode":"uf78d"},{"name":"dhl","unicode":"uf790"},{"name":"diaspora","unicode":"uf791"},{"name":"fedex","unicode":"uf797"},{"name":"fedora","unicode":"uf798"},{"name":"figma","unicode":"uf799"},{"name":"intercom","unicode":"uf7af"},{"name":"invision","unicode":"uf7b0"},{"name":"jira","unicode":"uf7b1"},{"name":"mendeley","unicode":"uf7b3"},{"name":"raspberry-pi","unicode":"uf7bb"},{"name":"redhat","unicode":"uf7bc"},{"name":"sketch","unicode":"uf7c6"},{"name":"sourcetree","unicode":"uf7d3"},{"name":"suse","unicode":"uf7d6"},{"name":"ubuntu","unicode":"uf7df"},{"name":"ups","unicode":"uf7e0"},{"name":"usps","unicode":"uf7e1"},{"name":"yarn","unicode":"uf7e3"},{"name":"airbnb","unicode":"uf834"},{"name":"battle-net","unicode":"uf835"},{"name":"bootstrap","unicode":"uf836"},{"name":"buffer","unicode":"uf837"},{"name":"chromecast","unicode":"uf838"},{"name":"evernote","unicode":"uf839"},{"name":"itch-io","unicode":"uf83a"},{"name":"salesforce","unicode":"uf83b"},{"name":"speaker-deck","unicode":"uf83c"},{"name":"symfony","unicode":"uf83d"},{"name":"waze","unicode":"uf83f"},{"name":"yammer","unicode":"uf840"},{"name":"git-alt","unicode":"uf841"},{"name":"stackpath","unicode":"uf842"},{"name":"cotton-bureau","unicode":"uf89e"}]}