{"id":"FontAwesome5Free-Solid","name":"Font Awesome 5 Free Solid", "built_in": true,"icons":[{"name":"glass-martini","unicode":"uf000"},{"name":"music","unicode":"uf001"},{"name":"search","unicode":"uf002"},{"name":"heart","unicode":"uf004"},{"name":"star","unicode":"uf005"},{"name":"user","unicode":"uf007"},{"name":"film","unicode":"uf008"},{"name":"th-large","unicode":"uf009"},{"name":"th","unicode":"uf00a"},{"name":"th-list","unicode":"uf00b"},{"name":"check","unicode":"uf00c"},{"name":"times","unicode":"uf00d"},{"name":"search-plus","unicode":"uf00e"},{"name":"search-minus","unicode":"uf010"},{"name":"power-off","unicode":"uf011"},{"name":"signal","unicode":"uf012"},{"name":"cog","unicode":"uf013"},{"name":"home","unicode":"uf015"},{"name":"clock","unicode":"uf017"},{"name":"road","unicode":"uf018"},{"name":"download","unicode":"uf019"},{"name":"inbox","unicode":"uf01c"},{"name":"redo","unicode":"uf01e"},{"name":"sync","unicode":"uf021"},{"name":"list-alt","unicode":"uf022"},{"name":"lock","unicode":"uf023"},{"name":"flag","unicode":"uf024"},{"name":"headphones","unicode":"uf025"},{"name":"volume-off","unicode":"uf026"},{"name":"volume-down","unicode":"uf027"},{"name":"volume-up","unicode":"uf028"},{"name":"qrcode","unicode":"uf029"},{"name":"barcode","unicode":"uf02a"},{"name":"tag","unicode":"uf02b"},{"name":"tags","unicode":"uf02c"},{"name":"book","unicode":"uf02d"},{"name":"bookmark","unicode":"uf02e"},{"name":"print","unicode":"uf02f"},{"name":"camera","unicode":"uf030"},{"name":"font","unicode":"uf031"},{"name":"bold","unicode":"uf032"},{"name":"italic","unicode":"uf033"},{"name":"text-height","unicode":"uf034"},{"name":"text-width","unicode":"uf035"},{"name":"align-left","unicode":"uf036"},{"name":"align-center","unicode":"uf037"},{"name":"align-right","unicode":"uf038"},{"name":"align-justify","unicode":"uf039"},{"name":"list","unicode":"uf03a"},{"name":"outdent","unicode":"uf03b"},{"name":"indent","unicode":"uf03c"},{"name":"video","unicode":"uf03d"},{"name":"image","unicode":"uf03e"},{"name":"map-marker","unicode":"uf041"},{"name":"adjust","unicode":"uf042"},{"name":"tint","unicode":"uf043"},{"name":"edit","unicode":"uf044"},{"name":"step-backward","unicode":"uf048"},{"name":"fast-backward","unicode":"uf049"},{"name":"backward","unicode":"uf04a"},{"name":"play","unicode":"uf04b"},{"name":"pause","unicode":"uf04c"},{"name":"stop","unicode":"uf04d"},{"name":"forward","unicode":"uf04e"},{"name":"fast-forward","unicode":"uf050"},{"name":"step-forward","unicode":"uf051"},{"name":"eject","unicode":"uf052"},{"name":"chevron-left","unicode":"uf053"},{"name":"chevron-right","unicode":"uf054"},{"name":"plus-circle","unicode":"uf055"},{"name":"minus-circle","unicode":"uf056"},{"name":"times-circle","unicode":"uf057"},{"name":"check-circle","unicode":"uf058"},{"name":"question-circle","unicode":"uf059"},{"name":"info-circle","unicode":"uf05a"},{"name":"crosshairs","unicode":"uf05b"},{"name":"ban","unicode":"uf05e"},{"name":"arrow-left","unicode":"uf060"},{"name":"arrow-right","unicode":"uf061"},{"name":"arrow-up","unicode":"uf062"},{"name":"arrow-down","unicode":"uf063"},{"name":"share","unicode":"uf064"},{"name":"expand","unicode":"uf065"},{"name":"compress","unicode":"uf066"},{"name":"plus","unicode":"uf067"},{"name":"minus","unicode":"uf068"},{"name":"asterisk","unicode":"uf069"},{"name":"exclamation-circle","unicode":"uf06a"},{"name":"gift","unicode":"uf06b"},{"name":"leaf","unicode":"uf06c"},{"name":"fire","unicode":"uf06d"},{"name":"eye","unicode":"uf06e"},{"name":"eye-slash","unicode":"uf070"},{"name":"exclamation-triangle","unicode":"uf071"},{"name":"plane","unicode":"uf072"},{"name":"calendar-alt","unicode":"uf073"},{"name":"random","unicode":"uf074"},{"name":"comment","unicode":"uf075"},{"name":"magnet","unicode":"uf076"},{"name":"chevron-up","unicode":"uf077"},{"name":"chevron-down","unicode":"uf078"},{"name":"retweet","unicode":"uf079"},{"name":"shopping-cart","unicode":"uf07a"},{"name":"folder","unicode":"uf07b"},{"name":"folder-open","unicode":"uf07c"},{"name":"chart-bar","unicode":"uf080"},{"name":"camera-retro","unicode":"uf083"},{"name":"key","unicode":"uf084"},{"name":"cogs","unicode":"uf085"},{"name":"comments","unicode":"uf086"},{"name":"star-half","unicode":"uf089"},{"name":"thumbtack","unicode":"uf08d"},{"name":"trophy","unicode":"uf091"},{"name":"upload","unicode":"uf093"},{"name":"lemon","unicode":"uf094"},{"name":"phone","unicode":"uf095"},{"name":"phone-square","unicode":"uf098"},{"name":"unlock","unicode":"uf09c"},{"name":"credit-card","unicode":"uf09d"},{"name":"rss","unicode":"uf09e"},{"name":"hdd","unicode":"uf0a0"},{"name":"bullhorn","unicode":"uf0a1"},{"name":"certificate","unicode":"uf0a3"},{"name":"hand-point-right","unicode":"uf0a4"},{"name":"hand-point-left","unicode":"uf0a5"},{"name":"hand-point-up","unicode":"uf0a6"},{"name":"hand-point-down","unicode":"uf0a7"},{"name":"arrow-circle-left","unicode":"uf0a8"},{"name":"arrow-circle-right","unicode":"uf0a9"},{"name":"arrow-circle-up","unicode":"uf0aa"},{"name":"arrow-circle-down","unicode":"uf0ab"},{"name":"globe","unicode":"uf0ac"},{"name":"wrench","unicode":"uf0ad"},{"name":"tasks","unicode":"uf0ae"},{"name":"filter","unicode":"uf0b0"},{"name":"briefcase","unicode":"uf0b1"},{"name":"arrows-alt","unicode":"uf0b2"},{"name":"users","unicode":"uf0c0"},{"name":"link","unicode":"uf0c1"},{"name":"cloud","unicode":"uf0c2"},{"name":"flask","unicode":"uf0c3"},{"name":"cut","unicode":"uf0c4"},{"name":"copy","unicode":"uf0c5"},{"name":"paperclip","unicode":"uf0c6"},{"name":"save","unicode":"uf0c7"},{"name":"square","unicode":"uf0c8"},{"name":"bars","unicode":"uf0c9"},{"name":"list-ul","unicode":"uf0ca"},{"name":"list-ol","unicode":"uf0cb"},{"name":"strikethrough","unicode":"uf0cc"},{"name":"underline","unicode":"uf0cd"},{"name":"table","unicode":"uf0ce"},{"name":"magic","unicode":"uf0d0"},{"name":"truck","unicode":"uf0d1"},{"name":"money-bill","unicode":"uf0d6"},{"name":"caret-down","unicode":"uf0d7"},{"name":"caret-up","unicode":"uf0d8"},{"name":"caret-left","unicode":"uf0d9"},{"name":"caret-right","unicode":"uf0da"},{"name":"columns","unicode":"uf0db"},{"name":"sort","unicode":"uf0dc"},{"name":"sort-down","unicode":"uf0dd"},{"name":"sort-up","unicode":"uf0de"},{"name":"envelope","unicode":"uf0e0"},{"name":"undo","unicode":"uf0e2"},{"name":"gavel","unicode":"uf0e3"},{"name":"bolt","unicode":"uf0e7"},{"name":"sitemap","unicode":"uf0e8"},{"name":"umbrella","unicode":"uf0e9"},{"name":"paste","unicode":"uf0ea"},{"name":"lightbulb","unicode":"uf0eb"},{"name":"user-md","unicode":"uf0f0"},{"name":"stethoscope","unicode":"uf0f1"},{"name":"suitcase","unicode":"uf0f2"},{"name":"bell","unicode":"uf0f3"},{"name":"coffee","unicode":"uf0f4"},{"name":"hospital","unicode":"uf0f8"},{"name":"ambulance","unicode":"uf0f9"},{"name":"medkit","unicode":"uf0fa"},{"name":"fighter-jet","unicode":"uf0fb"},{"name":"beer","unicode":"uf0fc"},{"name":"h-square","unicode":"uf0fd"},{"name":"plus-square","unicode":"uf0fe"},{"name":"angle-double-left","unicode":"uf100"},{"name":"angle-double-right","unicode":"uf101"},{"name":"angle-double-up","unicode":"uf102"},{"name":"angle-double-down","unicode":"uf103"},{"name":"angle-left","unicode":"uf104"},{"name":"angle-right","unicode":"uf105"},{"name":"angle-up","unicode":"uf106"},{"name":"angle-down","unicode":"uf107"},{"name":"desktop","unicode":"uf108"},{"name":"laptop","unicode":"uf109"},{"name":"tablet","unicode":"uf10a"},{"name":"mobile","unicode":"uf10b"},{"name":"quote-left","unicode":"uf10d"},{"name":"quote-right","unicode":"uf10e"},{"name":"spinner","unicode":"uf110"},{"name":"circle","unicode":"uf111"},{"name":"smile","unicode":"uf118"},{"name":"frown","unicode":"uf119"},{"name":"meh","unicode":"uf11a"},{"name":"gamepad","unicode":"uf11b"},{"name":"keyboard","unicode":"uf11c"},{"name":"flag-checkered","unicode":"uf11e"},{"name":"terminal","unicode":"uf120"},{"name":"code","unicode":"uf121"},{"name":"reply-all","unicode":"uf122"},{"name":"location-arrow","unicode":"uf124"},{"name":"crop","unicode":"uf125"},{"name":"code-branch","unicode":"uf126"},{"name":"unlink","unicode":"uf127"},{"name":"question","unicode":"uf128"},{"name":"info","unicode":"uf129"},{"name":"exclamation","unicode":"uf12a"},{"name":"superscript","unicode":"uf12b"},{"name":"subscript","unicode":"uf12c"},{"name":"eraser","unicode":"uf12d"},{"name":"puzzle-piece","unicode":"uf12e"},{"name":"microphone","unicode":"uf130"},{"name":"microphone-slash","unicode":"uf131"},{"name":"calendar","unicode":"uf133"},{"name":"fire-extinguisher","unicode":"uf134"},{"name":"rocket","unicode":"uf135"},{"name":"chevron-circle-left","unicode":"uf137"},{"name":"chevron-circle-right","unicode":"uf138"},{"name":"chevron-circle-up","unicode":"uf139"},{"name":"chevron-circle-down","unicode":"uf13a"},{"name":"anchor","unicode":"uf13d"},{"name":"unlock-alt","unicode":"uf13e"},{"name":"bullseye","unicode":"uf140"},{"name":"ellipsis-h","unicode":"uf141"},{"name":"ellipsis-v","unicode":"uf142"},{"name":"rss-square","unicode":"uf143"},{"name":"play-circle","unicode":"uf144"},{"name":"minus-square","unicode":"uf146"},{"name":"check-square","unicode":"uf14a"},{"name":"pen-square","unicode":"uf14b"},{"name":"share-square","unicode":"uf14d"},{"name":"compass","unicode":"uf14e"},{"name":"caret-square-down","unicode":"uf150"},{"name":"caret-square-up","unicode":"uf151"},{"name":"caret-square-right","unicode":"uf152"},{"name":"euro-sign","unicode":"uf153"},{"name":"pound-sign","unicode":"uf154"},{"name":"dollar-sign","unicode":"uf155"},{"name":"rupee-sign","unicode":"uf156"},{"name":"yen-sign","unicode":"uf157"},{"name":"ruble-sign","unicode":"uf158"},{"name":"won-sign","unicode":"uf159"},{"name":"file","unicode":"uf15b"},{"name":"file-alt","unicode":"uf15c"},{"name":"sort-alpha-down","unicode":"uf15d"},{"name":"sort-alpha-up","unicode":"uf15e"},{"name":"sort-amount-down","unicode":"uf160"},{"name":"sort-amount-up","unicode":"uf161"},{"name":"sort-numeric-down","unicode":"uf162"},{"name":"sort-numeric-up","unicode":"uf163"},{"name":"thumbs-up","unicode":"uf164"},{"name":"thumbs-down","unicode":"uf165"},{"name":"female","unicode":"uf182"},{"name":"male","unicode":"uf183"},{"name":"sun","unicode":"uf185"},{"name":"moon","unicode":"uf186"},{"name":"archive","unicode":"uf187"},{"name":"bug","unicode":"uf188"},{"name":"caret-square-left","unicode":"uf191"},{"name":"dot-circle","unicode":"uf192"},{"name":"wheelchair","unicode":"uf193"},{"name":"lira-sign","unicode":"uf195"},{"name":"space-shuttle","unicode":"uf197"},{"name":"envelope-square","unicode":"uf199"},{"name":"university","unicode":"uf19c"},{"name":"graduation-cap","unicode":"uf19d"},{"name":"language","unicode":"uf1ab"},{"name":"fax","unicode":"uf1ac"},{"name":"building","unicode":"uf1ad"},{"name":"child","unicode":"uf1ae"},{"name":"paw","unicode":"uf1b0"},{"name":"cube","unicode":"uf1b2"},{"name":"cubes","unicode":"uf1b3"},{"name":"recycle","unicode":"uf1b8"},{"name":"car","unicode":"uf1b9"},{"name":"taxi","unicode":"uf1ba"},{"name":"tree","unicode":"uf1bb"},{"name":"database","unicode":"uf1c0"},{"name":"file-pdf","unicode":"uf1c1"},{"name":"file-word","unicode":"uf1c2"},{"name":"file-excel","unicode":"uf1c3"},{"name":"file-powerpoint","unicode":"uf1c4"},{"name":"file-image","unicode":"uf1c5"},{"name":"file-archive","unicode":"uf1c6"},{"name":"file-audio","unicode":"uf1c7"},{"name":"file-video","unicode":"uf1c8"},{"name":"file-code","unicode":"uf1c9"},{"name":"life-ring","unicode":"uf1cd"},{"name":"circle-notch","unicode":"uf1ce"},{"name":"paper-plane","unicode":"uf1d8"},{"name":"history","unicode":"uf1da"},{"name":"heading","unicode":"uf1dc"},{"name":"paragraph","unicode":"uf1dd"},{"name":"sliders-h","unicode":"uf1de"},{"name":"share-alt","unicode":"uf1e0"},{"name":"share-alt-square","unicode":"uf1e1"},{"name":"bomb","unicode":"uf1e2"},{"name":"futbol","unicode":"uf1e3"},{"name":"tty","unicode":"uf1e4"},{"name":"binoculars","unicode":"uf1e5"},{"name":"plug","unicode":"uf1e6"},{"name":"newspaper","unicode":"uf1ea"},{"name":"wifi","unicode":"uf1eb"},{"name":"calculator","unicode":"uf1ec"},{"name":"bell-slash","unicode":"uf1f6"},{"name":"trash","unicode":"uf1f8"},{"name":"copyright","unicode":"uf1f9"},{"name":"at","unicode":"uf1fa"},{"name":"eye-dropper","unicode":"uf1fb"},{"name":"paint-brush","unicode":"uf1fc"},{"name":"birthday-cake","unicode":"uf1fd"},{"name":"chart-area","unicode":"uf1fe"},{"name":"chart-pie","unicode":"uf200"},{"name":"chart-line","unicode":"uf201"},{"name":"toggle-off","unicode":"uf204"},{"name":"toggle-on","unicode":"uf205"},{"name":"bicycle","unicode":"uf206"},{"name":"bus","unicode":"uf207"},{"name":"closed-captioning","unicode":"uf20a"},{"name":"shekel-sign","unicode":"uf20b"},{"name":"cart-plus","unicode":"uf217"},{"name":"cart-arrow-down","unicode":"uf218"},{"name":"ship","unicode":"uf21a"},{"name":"user-secret","unicode":"uf21b"},{"name":"motorcycle","unicode":"uf21c"},{"name":"street-view","unicode":"uf21d"},{"name":"heartbeat","unicode":"uf21e"},{"name":"venus","unicode":"uf221"},{"name":"mars","unicode":"uf222"},{"name":"mercury","unicode":"uf223"},{"name":"transgender","unicode":"uf224"},{"name":"transgender-alt","unicode":"uf225"},{"name":"venus-double","unicode":"uf226"},{"name":"mars-double","unicode":"uf227"},{"name":"venus-mars","unicode":"uf228"},{"name":"mars-stroke","unicode":"uf229"},{"name":"mars-stroke-v","unicode":"uf22a"},{"name":"mars-stroke-h","unicode":"uf22b"},{"name":"neuter","unicode":"uf22c"},{"name":"genderless","unicode":"uf22d"},{"name":"server","unicode":"uf233"},{"name":"user-plus","unicode":"uf234"},{"name":"user-times","unicode":"uf235"},{"name":"bed","unicode":"uf236"},{"name":"train","unicode":"uf238"},{"name":"subway","unicode":"uf239"},{"name":"battery-full","unicode":"uf240"},{"name":"battery-three-quarters","unicode":"uf241"},{"name":"battery-half","unicode":"uf242"},{"name":"battery-quarter","unicode":"uf243"},{"name":"battery-empty","unicode":"uf244"},{"name":"mouse-pointer","unicode":"uf245"},{"name":"i-cursor","unicode":"uf246"},{"name":"object-group","unicode":"uf247"},{"name":"object-ungroup","unicode":"uf248"},{"name":"sticky-note","unicode":"uf249"},{"name":"clone","unicode":"uf24d"},{"name":"balance-scale","unicode":"uf24e"},{"name":"hourglass-start","unicode":"uf251"},{"name":"hourglass-half","unicode":"uf252"},{"name":"hourglass-end","unicode":"uf253"},{"name":"hourglass","unicode":"uf254"},{"name":"hand-rock","unicode":"uf255"},{"name":"hand-paper","unicode":"uf256"},{"name":"hand-scissors","unicode":"uf257"},{"name":"hand-lizard","unicode":"uf258"},{"name":"hand-spock","unicode":"uf259"},{"name":"hand-pointer","unicode":"uf25a"},{"name":"hand-peace","unicode":"uf25b"},{"name":"trademark","unicode":"uf25c"},{"name":"registered","unicode":"uf25d"},{"name":"tv","unicode":"uf26c"},{"name":"calendar-plus","unicode":"uf271"},{"name":"calendar-minus","unicode":"uf272"},{"name":"calendar-times","unicode":"uf273"},{"name":"calendar-check","unicode":"uf274"},{"name":"industry","unicode":"uf275"},{"name":"map-pin","unicode":"uf276"},{"name":"map-signs","unicode":"uf277"},{"name":"map","unicode":"uf279"},{"name":"comment-alt","unicode":"uf27a"},{"name":"pause-circle","unicode":"uf28b"},{"name":"stop-circle","unicode":"uf28d"},{"name":"shopping-bag","unicode":"uf290"},{"name":"shopping-basket","unicode":"uf291"},{"name":"hashtag","unicode":"uf292"},{"name":"percent","unicode":"uf295"},{"name":"universal-access","unicode":"uf29a"},{"name":"blind","unicode":"uf29d"},{"name":"audio-description","unicode":"uf29e"},{"name":"phone-volume","unicode":"uf2a0"},{"name":"braille","unicode":"uf2a1"},{"name":"assistive-listening-systems","unicode":"uf2a2"},{"name":"american-sign-language-interpreting","unicode":"uf2a3"},{"name":"deaf","unicode":"uf2a4"},{"name":"sign-language","unicode":"uf2a7"},{"name":"low-vision","unicode":"uf2a8"},{"name":"handshake","unicode":"uf2b5"},{"name":"envelope-open","unicode":"uf2b6"},{"name":"address-book","unicode":"uf2b9"},{"name":"address-card","unicode":"uf2bb"},{"name":"user-circle","unicode":"uf2bd"},{"name":"id-badge","unicode":"uf2c1"},{"name":"id-card","unicode":"uf2c2"},{"name":"thermometer-full","unicode":"uf2c7"},{"name":"thermometer-three-quarters","unicode":"uf2c8"},{"name":"thermometer-half","unicode":"uf2c9"},{"name":"thermometer-quarter","unicode":"uf2ca"},{"name":"thermometer-empty","unicode":"uf2cb"},{"name":"shower","unicode":"uf2cc"},{"name":"bath","unicode":"uf2cd"},{"name":"podcast","unicode":"uf2ce"},{"name":"window-maximize","unicode":"uf2d0"},{"name":"window-minimize","unicode":"uf2d1"},{"name":"window-restore","unicode":"uf2d2"},{"name":"microchip","unicode":"uf2db"},{"name":"snowflake","unicode":"uf2dc"},{"name":"utensil-spoon","unicode":"uf2e5"},{"name":"utensils","unicode":"uf2e7"},{"name":"undo-alt","unicode":"uf2ea"},{"name":"trash-alt","unicode":"uf2ed"},{"name":"sync-alt","unicode":"uf2f1"},{"name":"stopwatch","unicode":"uf2f2"},{"name":"sign-out-alt","unicode":"uf2f5"},{"name":"sign-in-alt","unicode":"uf2f6"},{"name":"redo-alt","unicode":"uf2f9"},{"name":"poo","unicode":"uf2fe"},{"name":"images","unicode":"uf302"},{"name":"pencil-alt","unicode":"uf303"},{"name":"pen","unicode":"uf304"},{"name":"pen-alt","unicode":"uf305"},{"name":"long-arrow-alt-down","unicode":"uf309"},{"name":"long-arrow-alt-left","unicode":"uf30a"},{"name":"long-arrow-alt-right","unicode":"uf30b"},{"name":"long-arrow-alt-up","unicode":"uf30c"},{"name":"expand-arrows-alt","unicode":"uf31e"},{"name":"clipboard","unicode":"uf328"},{"name":"arrows-alt-h","unicode":"uf337"},{"name":"arrows-alt-v","unicode":"uf338"},{"name":"arrow-alt-circle-down","unicode":"uf358"},{"name":"arrow-alt-circle-left","unicode":"uf359"},{"name":"arrow-alt-circle-right","unicode":"uf35a"},{"name":"arrow-alt-circle-up","unicode":"uf35b"},{"name":"external-link-alt","unicode":"uf35d"},{"name":"external-link-square-alt","unicode":"uf360"},{"name":"exchange-alt","unicode":"uf362"},{"name":"cloud-download-alt","unicode":"uf381"},{"name":"cloud-upload-alt","unicode":"uf382"},{"name":"gem","unicode":"uf3a5"},{"name":"level-down-alt","unicode":"uf3be"},{"name":"level-up-alt","unicode":"uf3bf"},{"name":"lock-open","unicode":"uf3c1"},{"name":"map-marker-alt","unicode":"uf3c5"},{"name":"microphone-alt","unicode":"uf3c9"},{"name":"mobile-alt","unicode":"uf3cd"},{"name":"money-bill-alt","unicode":"uf3d1"},{"name":"phone-slash","unicode":"uf3dd"},{"name":"portrait","unicode":"uf3e0"},{"name":"reply","unicode":"uf3e5"},{"name":"shield-alt","unicode":"uf3ed"},{"name":"tablet-alt","unicode":"uf3fa"},{"name":"tachometer-alt","unicode":"uf3fd"},{"name":"ticket-alt","unicode":"uf3ff"},{"name":"user-alt","unicode":"uf406"},{"name":"window-close","unicode":"uf410"},{"name":"baseball-ball","unicode":"uf433"},{"name":"basketball-ball","unicode":"uf434"},{"name":"bowling-ball","unicode":"uf436"},{"name":"chess","unicode":"uf439"},{"name":"chess-bishop","unicode":"uf43a"},{"name":"chess-board","unicode":"uf43c"},{"name":"chess-king","unicode":"uf43f"},{"name":"chess-knight","unicode":"uf441"},{"name":"chess-pawn","unicode":"uf443"},{"name":"chess-queen","unicode":"uf445"},{"name":"chess-rook","unicode":"uf447"},{"name":"dumbbell","unicode":"uf44b"},{"name":"football-ball","unicode":"uf44e"},{"name":"golf-ball","unicode":"uf450"},{"name":"hockey-puck","unicode":"uf453"},{"name":"quidditch","unicode":"uf458"},{"name":"square-full","unicode":"uf45c"},{"name":"table-tennis","unicode":"uf45d"},{"name":"volleyball-ball","unicode":"uf45f"},{"name":"allergies","unicode":"uf461"},{"name":"band-aid","unicode":"uf462"},{"name":"box","unicode":"uf466"},{"name":"boxes","unicode":"uf468"},{"name":"briefcase-medical","unicode":"uf469"},{"name":"burn","unicode":"uf46a"},{"name":"capsules","unicode":"uf46b"},{"name":"clipboard-check","unicode":"uf46c"},{"name":"clipboard-list","unicode":"uf46d"},{"name":"diagnoses","unicode":"uf470"},{"name":"dna","unicode":"uf471"},{"name":"dolly","unicode":"uf472"},{"name":"dolly-flatbed","unicode":"uf474"},{"name":"file-medical","unicode":"uf477"},{"name":"file-medical-alt","unicode":"uf478"},{"name":"first-aid","unicode":"uf479"},{"name":"hospital-alt","unicode":"uf47d"},{"name":"hospital-symbol","unicode":"uf47e"},{"name":"id-card-alt","unicode":"uf47f"},{"name":"notes-medical","unicode":"uf481"},{"name":"pallet","unicode":"uf482"},{"name":"pills","unicode":"uf484"},{"name":"prescription-bottle","unicode":"uf485"},{"name":"prescription-bottle-alt","unicode":"uf486"},{"name":"procedures","unicode":"uf487"},{"name":"shipping-fast","unicode":"uf48b"},{"name":"smoking","unicode":"uf48d"},{"name":"syringe","unicode":"uf48e"},{"name":"tablets","unicode":"uf490"},{"name":"thermometer","unicode":"uf491"},{"name":"vial","unicode":"uf492"},{"name":"vials","unicode":"uf493"},{"name":"warehouse","unicode":"uf494"},{"name":"weight","unicode":"uf496"},{"name":"x-ray","unicode":"uf497"},{"name":"box-open","unicode":"uf49e"},{"name":"comment-dots","unicode":"uf4ad"},{"name":"comment-slash","unicode":"uf4b3"},{"name":"couch","unicode":"uf4b8"},{"name":"donate","unicode":"uf4b9"},{"name":"dove","unicode":"uf4ba"},{"name":"hand-holding","unicode":"uf4bd"},{"name":"hand-holding-heart","unicode":"uf4be"},{"name":"hand-holding-usd","unicode":"uf4c0"},{"name":"hands","unicode":"uf4c2"},{"name":"hands-helping","unicode":"uf4c4"},{"name":"parachute-box","unicode":"uf4cd"},{"name":"people-carry","unicode":"uf4ce"},{"name":"piggy-bank","unicode":"uf4d3"},{"name":"ribbon","unicode":"uf4d6"},{"name":"route","unicode":"uf4d7"},{"name":"seedling","unicode":"uf4d8"},{"name":"sign","unicode":"uf4d9"},{"name":"smile-wink","unicode":"uf4da"},{"name":"tape","unicode":"uf4db"},{"name":"truck-loading","unicode":"uf4de"},{"name":"truck-moving","unicode":"uf4df"},{"name":"video-slash","unicode":"uf4e2"},{"name":"wine-glass","unicode":"uf4e3"},{"name":"user-alt-slash","unicode":"uf4fa"},{"name":"user-astronaut","unicode":"uf4fb"},{"name":"user-check","unicode":"uf4fc"},{"name":"user-clock","unicode":"uf4fd"},{"name":"user-cog","unicode":"uf4fe"},{"name":"user-edit","unicode":"uf4ff"},{"name":"user-friends","unicode":"uf500"},{"name":"user-graduate","unicode":"uf501"},{"name":"user-lock","unicode":"uf502"},{"name":"user-minus","unicode":"uf503"},{"name":"user-ninja","unicode":"uf504"},{"name":"user-shield","unicode":"uf505"},{"name":"user-slash","unicode":"uf506"},{"name":"user-tag","unicode":"uf507"},{"name":"user-tie","unicode":"uf508"},{"name":"users-cog","unicode":"uf509"},{"name":"balance-scale-left","unicode":"uf515"},{"name":"balance-scale-right","unicode":"uf516"},{"name":"blender","unicode":"uf517"},{"name":"book-open","unicode":"uf518"},{"name":"broadcast-tower","unicode":"uf519"},{"name":"broom","unicode":"uf51a"},{"name":"chalkboard","unicode":"uf51b"},{"name":"chalkboard-teacher","unicode":"uf51c"},{"name":"church","unicode":"uf51d"},{"name":"coins","unicode":"uf51e"},{"name":"compact-disc","unicode":"uf51f"},{"name":"crow","unicode":"uf520"},{"name":"crown","unicode":"uf521"},{"name":"dice","unicode":"uf522"},{"name":"dice-five","unicode":"uf523"},{"name":"dice-four","unicode":"uf524"},{"name":"dice-one","unicode":"uf525"},{"name":"dice-six","unicode":"uf526"},{"name":"dice-three","unicode":"uf527"},{"name":"dice-two","unicode":"uf528"},{"name":"divide","unicode":"uf529"},{"name":"door-closed","unicode":"uf52a"},{"name":"door-open","unicode":"uf52b"},{"name":"equals","unicode":"uf52c"},{"name":"feather","unicode":"uf52d"},{"name":"frog","unicode":"uf52e"},{"name":"gas-pump","unicode":"uf52f"},{"name":"glasses","unicode":"uf530"},{"name":"greater-than","unicode":"uf531"},{"name":"greater-than-equal","unicode":"uf532"},{"name":"helicopter","unicode":"uf533"},{"name":"infinity","unicode":"uf534"},{"name":"kiwi-bird","unicode":"uf535"},{"name":"less-than","unicode":"uf536"},{"name":"less-than-equal","unicode":"uf537"},{"name":"memory","unicode":"uf538"},{"name":"microphone-alt-slash","unicode":"uf539"},{"name":"money-bill-wave","unicode":"uf53a"},{"name":"money-bill-wave-alt","unicode":"uf53b"},{"name":"money-check","unicode":"uf53c"},{"name":"money-check-alt","unicode":"uf53d"},{"name":"not-equal","unicode":"uf53e"},{"name":"palette","unicode":"uf53f"},{"name":"parking","unicode":"uf540"},{"name":"percentage","unicode":"uf541"},{"name":"project-diagram","unicode":"uf542"},{"name":"receipt","unicode":"uf543"},{"name":"robot","unicode":"uf544"},{"name":"ruler","unicode":"uf545"},{"name":"ruler-combined","unicode":"uf546"},{"name":"ruler-horizontal","unicode":"uf547"},{"name":"ruler-vertical","unicode":"uf548"},{"name":"school","unicode":"uf549"},{"name":"screwdriver","unicode":"uf54a"},{"name":"shoe-prints","unicode":"uf54b"},{"name":"skull","unicode":"uf54c"},{"name":"smoking-ban","unicode":"uf54d"},{"name":"store","unicode":"uf54e"},{"name":"store-alt","unicode":"uf54f"},{"name":"stream","unicode":"uf550"},{"name":"stroopwafel","unicode":"uf551"},{"name":"toolbox","unicode":"uf552"},{"name":"tshirt","unicode":"uf553"},{"name":"walking","unicode":"uf554"},{"name":"wallet","unicode":"uf555"},{"name":"angry","unicode":"uf556"},{"name":"archway","unicode":"uf557"},{"name":"atlas","unicode":"uf558"},{"name":"award","unicode":"uf559"},{"name":"backspace","unicode":"uf55a"},{"name":"bezier-curve","unicode":"uf55b"},{"name":"bong","unicode":"uf55c"},{"name":"brush","unicode":"uf55d"},{"name":"bus-alt","unicode":"uf55e"},{"name":"cannabis","unicode":"uf55f"},{"name":"check-double","unicode":"uf560"},{"name":"cocktail","unicode":"uf561"},{"name":"concierge-bell","unicode":"uf562"},{"name":"cookie","unicode":"uf563"},{"name":"cookie-bite","unicode":"uf564"},{"name":"crop-alt","unicode":"uf565"},{"name":"digital-tachograph","unicode":"uf566"},{"name":"dizzy","unicode":"uf567"},{"name":"drafting-compass","unicode":"uf568"},{"name":"drum","unicode":"uf569"},{"name":"drum-steelpan","unicode":"uf56a"},{"name":"feather-alt","unicode":"uf56b"},{"name":"file-contract","unicode":"uf56c"},{"name":"file-download","unicode":"uf56d"},{"name":"file-export","unicode":"uf56e"},{"name":"file-import","unicode":"uf56f"},{"name":"file-invoice","unicode":"uf570"},{"name":"file-invoice-dollar","unicode":"uf571"},{"name":"file-prescription","unicode":"uf572"},{"name":"file-signature","unicode":"uf573"},{"name":"file-upload","unicode":"uf574"},{"name":"fill","unicode":"uf575"},{"name":"fill-drip","unicode":"uf576"},{"name":"fingerprint","unicode":"uf577"},{"name":"fish","unicode":"uf578"},{"name":"flushed","unicode":"uf579"},{"name":"frown-open","unicode":"uf57a"},{"name":"glass-martini-alt","unicode":"uf57b"},{"name":"globe-africa","unicode":"uf57c"},{"name":"globe-americas","unicode":"uf57d"},{"name":"globe-asia","unicode":"uf57e"},{"name":"grimace","unicode":"uf57f"},{"name":"grin","unicode":"uf580"},{"name":"grin-alt","unicode":"uf581"},{"name":"grin-beam","unicode":"uf582"},{"name":"grin-beam-sweat","unicode":"uf583"},{"name":"grin-hearts","unicode":"uf584"},{"name":"grin-squint","unicode":"uf585"},{"name":"grin-squint-tears","unicode":"uf586"},{"name":"grin-stars","unicode":"uf587"},{"name":"grin-tears","unicode":"uf588"},{"name":"grin-tongue","unicode":"uf589"},{"name":"grin-tongue-squint","unicode":"uf58a"},{"name":"grin-tongue-wink","unicode":"uf58b"},{"name":"grin-wink","unicode":"uf58c"},{"name":"grip-horizontal","unicode":"uf58d"},{"name":"grip-vertical","unicode":"uf58e"},{"name":"headphones-alt","unicode":"uf58f"},{"name":"headset","unicode":"uf590"},{"name":"highlighter","unicode":"uf591"},{"name":"hot-tub","unicode":"uf593"},{"name":"hotel","unicode":"uf594"},{"name":"joint","unicode":"uf595"},{"name":"kiss","unicode":"uf596"},{"name":"kiss-beam","unicode":"uf597"},{"name":"kiss-wink-heart","unicode":"uf598"},{"name":"laugh","unicode":"uf599"},{"name":"laugh-beam","unicode":"uf59a"},{"name":"laugh-squint","unicode":"uf59b"},{"name":"laugh-wink","unicode":"uf59c"},{"name":"luggage-cart","unicode":"uf59d"},{"name":"map-marked","unicode":"uf59f"},{"name":"map-marked-alt","unicode":"uf5a0"},{"name":"marker","unicode":"uf5a1"},{"name":"medal","unicode":"uf5a2"},{"name":"meh-blank","unicode":"uf5a4"},{"name":"meh-rolling-eyes","unicode":"uf5a5"},{"name":"monument","unicode":"uf5a6"},{"name":"mortar-pestle","unicode":"uf5a7"},{"name":"paint-roller","unicode":"uf5aa"},{"name":"passport","unicode":"uf5ab"},{"name":"pen-fancy","unicode":"uf5ac"},{"name":"pen-nib","unicode":"uf5ad"},{"name":"pencil-ruler","unicode":"uf5ae"},{"name":"plane-arrival","unicode":"uf5af"},{"name":"plane-departure","unicode":"uf5b0"},{"name":"prescription","unicode":"uf5b1"},{"name":"sad-cry","unicode":"uf5b3"},{"name":"sad-tear","unicode":"uf5b4"},{"name":"shuttle-van","unicode":"uf5b6"},{"name":"signature","unicode":"uf5b7"},{"name":"smile-beam","unicode":"uf5b8"},{"name":"solar-panel","unicode":"uf5ba"},{"name":"spa","unicode":"uf5bb"},{"name":"splotch","unicode":"uf5bc"},{"name":"spray-can","unicode":"uf5bd"},{"name":"stamp","unicode":"uf5bf"},{"name":"star-half-alt","unicode":"uf5c0"},{"name":"suitcase-rolling","unicode":"uf5c1"},{"name":"surprise","unicode":"uf5c2"},{"name":"swatchbook","unicode":"uf5c3"},{"name":"swimmer","unicode":"uf5c4"},{"name":"swimming-pool","unicode":"uf5c5"},{"name":"tint-slash","unicode":"uf5c7"},{"name":"tired","unicode":"uf5c8"},{"name":"tooth","unicode":"uf5c9"},{"name":"umbrella-beach","unicode":"uf5ca"},{"name":"vector-square","unicode":"uf5cb"},{"name":"weight-hanging","unicode":"uf5cd"},{"name":"wine-glass-alt","unicode":"uf5ce"},{"name":"air-freshener","unicode":"uf5d0"},{"name":"apple-alt","unicode":"uf5d1"},{"name":"atom","unicode":"uf5d2"},{"name":"bone","unicode":"uf5d7"},{"name":"book-reader","unicode":"uf5da"},{"name":"brain","unicode":"uf5dc"},{"name":"car-alt","unicode":"uf5de"},{"name":"car-battery","unicode":"uf5df"},{"name":"car-crash","unicode":"uf5e1"},{"name":"car-side","unicode":"uf5e4"},{"name":"charging-station","unicode":"uf5e7"},{"name":"directions","unicode":"uf5eb"},{"name":"draw-polygon","unicode":"uf5ee"},{"name":"laptop-code","unicode":"uf5fc"},{"name":"layer-group","unicode":"uf5fd"},{"name":"microscope","unicode":"uf610"},{"name":"oil-can","unicode":"uf613"},{"name":"poop","unicode":"uf619"},{"name":"shapes","unicode":"uf61f"},{"name":"star-of-life","unicode":"uf621"},{"name":"teeth","unicode":"uf62e"},{"name":"teeth-open","unicode":"uf62f"},{"name":"theater-masks","unicode":"uf630"},{"name":"traffic-light","unicode":"uf637"},{"name":"truck-monster","unicode":"uf63b"},{"name":"truck-pickup","unicode":"uf63c"},{"name":"ad","unicode":"uf641"},{"name":"ankh","unicode":"uf644"},{"name":"bible","unicode":"uf647"},{"name":"business-time","unicode":"uf64a"},{"name":"city","unicode":"uf64f"},{"name":"comment-dollar","unicode":"uf651"},{"name":"comments-dollar","unicode":"uf653"},{"name":"cross","unicode":"uf654"},{"name":"dharmachakra","unicode":"uf655"},{"name":"envelope-open-text","unicode":"uf658"},{"name":"folder-minus","unicode":"uf65d"},{"name":"folder-plus","unicode":"uf65e"},{"name":"funnel-dollar","unicode":"uf662"},{"name":"gopuram","unicode":"uf664"},{"name":"hamsa","unicode":"uf665"},{"name":"haykal","unicode":"uf666"},{"name":"jedi","unicode":"uf669"},{"name":"journal-whills","unicode":"uf66a"},{"name":"kaaba","unicode":"uf66b"},{"name":"khanda","unicode":"uf66d"},{"name":"landmark","unicode":"uf66f"},{"name":"mail-bulk","unicode":"uf674"},{"name":"menorah","unicode":"uf676"},{"name":"mosque","unicode":"uf678"},{"name":"om","unicode":"uf679"},{"name":"pastafarianism","unicode":"uf67b"},{"name":"peace","unicode":"uf67c"},{"name":"place-of-worship","unicode":"uf67f"},{"name":"poll","unicode":"uf681"},{"name":"poll-h","unicode":"uf682"},{"name":"pray","unicode":"uf683"},{"name":"praying-hands","unicode":"uf684"},{"name":"quran","unicode":"uf687"},{"name":"search-dollar","unicode":"uf688"},{"name":"search-location","unicode":"uf689"},{"name":"socks","unicode":"uf696"},{"name":"square-root-alt","unicode":"uf698"},{"name":"star-and-crescent","unicode":"uf699"},{"name":"star-of-david","unicode":"uf69a"},{"name":"synagogue","unicode":"uf69b"},{"name":"torah","unicode":"uf6a0"},{"name":"torii-gate","unicode":"uf6a1"},{"name":"vihara","unicode":"uf6a7"},{"name":"volume-mute","unicode":"uf6a9"},{"name":"yin-yang","unicode":"uf6ad"},{"name":"blender-phone","unicode":"uf6b6"},{"name":"book-dead","unicode":"uf6b7"},{"name":"campground","unicode":"uf6bb"},{"name":"cat","unicode":"uf6be"},{"name":"chair","unicode":"uf6c0"},{"name":"cloud-moon","unicode":"uf6c3"},{"name":"cloud-sun","unicode":"uf6c4"},{"name":"dice-d20","unicode":"uf6cf"},{"name":"dice-d6","unicode":"uf6d1"},{"name":"dog","unicode":"uf6d3"},{"name":"dragon","unicode":"uf6d5"},{"name":"drumstick-bite","unicode":"uf6d7"},{"name":"dungeon","unicode":"uf6d9"},{"name":"file-csv","unicode":"uf6dd"},{"name":"fist-raised","unicode":"uf6de"},{"name":"ghost","unicode":"uf6e2"},{"name":"hammer","unicode":"uf6e3"},{"name":"hanukiah","unicode":"uf6e6"},{"name":"hat-wizard","unicode":"uf6e8"},{"name":"hiking","unicode":"uf6ec"},{"name":"hippo","unicode":"uf6ed"},{"name":"horse","unicode":"uf6f0"},{"name":"house-damage","unicode":"uf6f1"},{"name":"hryvnia","unicode":"uf6f2"},{"name":"mask","unicode":"uf6fa"},{"name":"mountain","unicode":"uf6fc"},{"name":"network-wired","unicode":"uf6ff"},{"name":"otter","unicode":"uf700"},{"name":"ring","unicode":"uf70b"},{"name":"running","unicode":"uf70c"},{"name":"scroll","unicode":"uf70e"},{"name":"skull-crossbones","unicode":"uf714"},{"name":"slash","unicode":"uf715"},{"name":"spider","unicode":"uf717"},{"name":"toilet-paper","unicode":"uf71e"},{"name":"tractor","unicode":"uf722"},{"name":"user-injured","unicode":"uf728"},{"name":"vr-cardboard","unicode":"uf729"},{"name":"wind","unicode":"uf72e"},{"name":"wine-bottle","unicode":"uf72f"},{"name":"cloud-meatball","unicode":"uf73b"},{"name":"cloud-moon-rain","unicode":"uf73c"},{"name":"cloud-rain","unicode":"uf73d"},{"name":"cloud-showers-heavy","unicode":"uf740"},{"name":"cloud-sun-rain","unicode":"uf743"},{"name":"democrat","unicode":"uf747"},{"name":"flag-usa","unicode":"uf74d"},{"name":"meteor","unicode":"uf753"},{"name":"person-booth","unicode":"uf756"},{"name":"poo-storm","unicode":"uf75a"},{"name":"rainbow","unicode":"uf75b"},{"name":"republican","unicode":"uf75e"},{"name":"smog","unicode":"uf75f"},{"name":"temperature-high","unicode":"uf769"},{"name":"temperature-low","unicode":"uf76b"},{"name":"vote-yea","unicode":"uf772"},{"name":"water","unicode":"uf773"},{"name":"baby","unicode":"uf77c"},{"name":"baby-carriage","unicode":"uf77d"},{"name":"biohazard","unicode":"uf780"},{"name":"blog","unicode":"uf781"},{"name":"calendar-day","unicode":"uf783"},{"name":"calendar-week","unicode":"uf784"},{"name":"candy-cane","unicode":"uf786"},{"name":"carrot","unicode":"uf787"},{"name":"cash-register","unicode":"uf788"},{"name":"compress-arrows-alt","unicode":"uf78c"},{"name":"dumpster","unicode":"uf793"},{"name":"dumpster-fire","unicode":"uf794"},{"name":"ethernet","unicode":"uf796"},{"name":"gifts","unicode":"uf79c"},{"name":"glass-cheers","unicode":"uf79f"},{"name":"glass-whiskey","unicode":"uf7a0"},{"name":"globe-europe","unicode":"uf7a2"},{"name":"grip-lines","unicode":"uf7a4"},{"name":"grip-lines-vertical","unicode":"uf7a5"},{"name":"guitar","unicode":"uf7a6"},{"name":"heart-broken","unicode":"uf7a9"},{"name":"holly-berry","unicode":"uf7aa"},{"name":"horse-head","unicode":"uf7ab"},{"name":"icicles","unicode":"uf7ad"},{"name":"igloo","unicode":"uf7ae"},{"name":"mitten","unicode":"uf7b5"},{"name":"mug-hot","unicode":"uf7b6"},{"name":"radiation","unicode":"uf7b9"},{"name":"radiation-alt","unicode":"uf7ba"},{"name":"restroom","unicode":"uf7bd"},{"name":"satellite","unicode":"uf7bf"},{"name":"satellite-dish","unicode":"uf7c0"},{"name":"sd-card","unicode":"uf7c2"},{"name":"sim-card","unicode":"uf7c4"},{"name":"skating","unicode":"uf7c5"},{"name":"skiing","unicode":"uf7c9"},{"name":"skiing-nordic","unicode":"uf7ca"},{"name":"sleigh","unicode":"uf7cc"},{"name":"sms","unicode":"uf7cd"},{"name":"snowboarding","unicode":"uf7ce"},{"name":"snowman","unicode":"uf7d0"},{"name":"snowplow","unicode":"uf7d2"},{"name":"tenge","unicode":"uf7d7"},{"name":"toilet","unicode":"uf7d8"},{"name":"tools","unicode":"uf7d9"},{"name":"tram","unicode":"uf7da"},{"name":"fire-alt","unicode":"uf7e4"},{"name":"bacon","unicode":"uf7e5"},{"name":"book-medical","unicode":"uf7e6"},{"name":"bread-slice","unicode":"uf7ec"},{"name":"cheese","unicode":"uf7ef"},{"name":"clinic-medical","unicode":"uf7f2"},{"name":"comment-medical","unicode":"uf7f5"},{"name":"crutch","unicode":"uf7f7"},{"name":"egg","unicode":"uf7fb"},{"name":"hamburger","unicode":"uf805"},{"name":"hand-middle-finger","unicode":"uf806"},{"name":"hard-hat","unicode":"uf807"},{"name":"hotdog","unicode":"uf80f"},{"name":"ice-cream","unicode":"uf810"},{"name":"laptop-medical","unicode":"uf812"},{"name":"pager","unicode":"uf815"},{"name":"pepper-hot","unicode":"uf816"},{"name":"pizza-slice","unicode":"uf818"},{"name":"trash-restore","unicode":"uf829"},{"name":"trash-restore-alt","unicode":"uf82a"},{"name":"user-nurse","unicode":"uf82f"},{"name":"wave-square","unicode":"uf83e"},{"name":"biking","unicode":"uf84a"},{"name":"border-all","unicode":"uf84c"},{"name":"border-none","unicode":"uf850"},{"name":"border-style","unicode":"uf853"},{"name":"fan","unicode":"uf863"},{"name":"icons","unicode":"uf86d"},{"name":"phone-alt","unicode":"uf879"},{"name":"phone-square-alt","unicode":"uf87b"},{"name":"photo-video","unicode":"uf87c"},{"name":"remove-format","unicode":"uf87d"},{"name":"sort-alpha-down-alt","unicode":"uf881"},{"name":"sort-alpha-up-alt","unicode":"uf882"},{"name":"sort-amount-down-alt","unicode":"uf884"},{"name":"sort-amount-up-alt","unicode":"uf885"},{"name":"sort-numeric-down-alt","unicode":"uf886"},{"name":"sort-numeric-up-alt","unicode":"uf887"},{"name":"spell-check","unicode":"uf891"},{"name":"voicemail","unicode":"uf897"}]}